Name,Animal Focus,City/Town,County,State,Region,Contact Info,Description
Allegany County Animal Shelter,Cats & Dogs,Cumberland,Allegany County,MD,Western MD,"716 Furnace St, Cumberland, MD 21502; (301) 777-5930; info@ashelterofhope.com","Open-admission county shelter (no-kill) providing animal control and pet adoption services in Allegany County:contentReference[oaicite:2]{index=2}."
Anne Arundel County Animal Care & Control,Cats & Dogs,Millersville,Anne Arundel County,MD,Central MD,"411 Maxwell Frye Rd, Millersville, MD 21108; (410) 222-8900","Open-admission municipal shelter serving Anne Arundel County, handling animal enforcement and pet adoptions:contentReference[oaicite:3]{index=3}."
Baltimore Animal Rescue & Care Shelter (BARCS),Cats & Dogs,Baltimore,Baltimore City,MD,Central MD,"2490 Giles Rd, Baltimore, MD 21225; (410) 396-4695; info@barcs.org","Maryland’s largest open-admission shelter, a nonprofit that cares for homeless animals and enforces animal laws in Baltimore City:contentReference[oaicite:4]{index=4}."
Baltimore County Animal Services,Cats & Dogs,Baldwin,Baltimore County,MD,Central MD,"13800 Manor Rd, Baldwin, MD 21013; (410) 887-7297","Government-run shelter for Baltimore County, providing adoption, spay/neuter, and animal control services:contentReference[oaicite:5]{index=5}."
Baltimore Humane Society,Cats & Dogs,Reisterstown,Baltimore County,MD,Central MD,"1601 Nicodemus Rd, Reisterstown, MD 21136; (410) 833-8848","Private nonprofit no-kill shelter offering pet adoptions, spay/neuter, and community pet services in the Baltimore region:contentReference[oaicite:6]{index=6}."
Maryland SPCA,Cats & Dogs,Baltimore,Baltimore City,MD,Central MD,"3300 Falls Rd, Baltimore, MD 21211; (410) 235-8826","Private nonprofit shelter in Baltimore (est. 1869), offering pet adoption, veterinary services, and community outreach programs:contentReference[oaicite:7]{index=7}."
Caroline County Humane Society,Cats & Dogs,Ridgely,Caroline County,MD,Eastern Shore,"407 W Bell St, Ridgely, MD 21660; (410) 820-1600","Open-admission shelter serving Caroline County with pet adoptions and animal control for the county:contentReference[oaicite:8]{index=8}."
Cecil County Animal Services,Cats & Dogs,Chesapeake City,Cecil County,MD,Eastern Shore,"3280 Augustine Herman Hwy, Chesapeake City, MD 21915; (410) 441-2040","Open-admission county shelter for Cecil County, providing animal care, control, and pet adoption services:contentReference[oaicite:9]{index=9}."
Charles County Animal Care Center (Tri-County Animal Shelter),Cats & Dogs,Hughesville,Charles County,MD,Southern MD,"6707 Animal Shelter Rd, Hughesville, MD 20637; (301) 932-1713","Open-admission animal shelter (formerly Tri-County, serving Charles and formerly Calvert/St. Mary’s) offering pet adoptions for Charles County:contentReference[oaicite:10]{index=10}."
City of College Park Animal Control,Cats & Dogs,College Park,Prince George's County,MD,Central MD,"7401 Baltimore Ave Ste 201, College Park, MD 20740; (240) 487-3575; animalcontrol@collegeparkmd.gov","Municipal animal control and sheltering department for the City of College Park (Prince George’s County), handling local stray animals:contentReference[oaicite:11]{index=11}."
Dorchester County (Baywater Animal Rescue),Cats & Dogs,Cambridge,Dorchester County,MD,Eastern Shore,"4930 Bucktown Rd, Cambridge, MD 21613; (410) 228-3090; info@baywateranimalrescue.org","No-kill shelter (formerly Dorchester County Humane Society) serving Dorchester County, dedicated to rehoming dogs and cats:contentReference[oaicite:12]{index=12}."
Frederick County Animal Control & Adoption Center,Cats & Dogs,Frederick,Frederick County,MD,Central MD,"1832 Rosemont Ave, Frederick, MD 21702; (301) 600-1546","Open-admission county-operated animal shelter for Frederick County, offering pet adoption and enforcement of animal regulations:contentReference[oaicite:13]{index=13}."
Garrett County (HART for Animals),Cats & Dogs,Accident,Garrett County,MD,Western MD,"1265 Bumble Bee Rd, Accident, MD 21520; (301) 387-7729","HART for Animals is a nonprofit animal adoption center partnering with Garrett County to rescue and rehome pets in Western Maryland:contentReference[oaicite:14]{index=14}."
Howard County Animal Control & Adoption Center,Cats & Dogs,Columbia,Howard County,MD,Central MD,"8576 Davis Rd, Columbia, MD 21045; (410) 313-2780","Municipal animal shelter and control facility for Howard County, providing pet adoption, wildlife control, and humane education services:contentReference[oaicite:15]{index=15}."
Humane Society of Carroll County,Cats & Dogs,Westminster,Carroll County,MD,Central MD,"2517 Littlestown Pike, Westminster, MD 21158; (410) 848-4810","Open-admission shelter in Carroll County operating under contract to provide animal care, control, and adoption services for the county:contentReference[oaicite:16]{index=16}."
Humane Society of Harford County,Cats & Dogs,Fallston,Harford County,MD,Central MD,"2208 Connolly Rd, Fallston, MD 21047; (410) 836-1090","Open-admission animal shelter for Harford County, caring for homeless pets and facilitating adoptions, spay/neuter, and community programs:contentReference[oaicite:17]{index=17}."
Humane Society of Washington County,Cats & Dogs,Hagerstown,Washington County,MD,Western MD,"13011 Maugansville Rd, Hagerstown, MD 21740; (301) 733-2060","Open-admission nonprofit shelter serving Washington County, providing animal adoptions, veterinary care, and animal control services:contentReference[oaicite:18]{index=18}."
Kent County Animal Care Shelter,Cats & Dogs,Chestertown,Kent County,MD,Eastern Shore,"10168 Worton Rd, Chestertown, MD 21620; (410) 778-3648; info@acskc.org","No-kill animal shelter for Kent County (formerly Kent County Humane), dedicated to rescuing and rehoming pets on the Upper Eastern Shore:contentReference[oaicite:19]{index=19}."
Montgomery County Animal Services & Adoption Center,Cats & Dogs,Derwood,Montgomery County,MD,Central MD,"7315 Muncaster Mill Rd, Derwood, MD 20855; (240) 773-5900","Open-admission county animal services facility in Montgomery County, handling all animal control and pet adoptions for the county:contentReference[oaicite:20]{index=20}."
Prince George’s County Animal Services Division,Cats & Dogs,Upper Marlboro,Prince George's County,MD,Southern MD,"3750 Brown Station Rd, Upper Marlboro, MD 20772; (301) 780-7200","Open-intake county animal services facility for Prince George’s County, providing shelter and adoption for stray and surrendered pets:contentReference[oaicite:21]{index=21}."
Queen Anne’s County Animal Services (AWL of QAC),Cats & Dogs,Queenstown,Queen Anne's County,MD,Eastern Shore,"201 Clay Dr, Queenstown, MD 21658; (410) 827-7178","No-kill shelter (Animal Welfare League of QAC) serving Queen Anne’s County, offering pet adoptions and community animal services:contentReference[oaicite:22]{index=22}."
St. Mary’s County Animal Adoption & Resource Center,Cats & Dogs,California,St. Mary's County,MD,Southern MD,"22975 FDR Blvd, California, MD 20619; (301) 475-8018","Municipal animal shelter for St. Mary’s County (opened 2020), focusing on pet adoptions, rescues, and public resources for pet owners:contentReference[oaicite:23]{index=23}."
Talbot Humane,Cats & Dogs,Easton,Talbot County,MD,Eastern Shore,"7894 Ocean Gateway, Easton, MD 21601; (410) 822-0107","Open-admission humane society serving Talbot County, providing shelter, adoption, and animal control services and community programs:contentReference[oaicite:24]{index=24}."
Wicomico County Humane Society,Cats & Dogs,Salisbury,Wicomico County,MD,Eastern Shore,"5130 Citation Dr, Salisbury, MD 21804; (410) 749-7603","Open-admission humane society serving Wicomico County (Salisbury area), operating the county’s animal shelter and adoption center:contentReference[oaicite:25]{index=25}."
Worcester County Humane Society,Cats & Dogs,Berlin,Worcester County,MD,Eastern Shore,"12330 Eagles Nest Rd, Berlin, MD 21811; (410) 213-0146; info@worcestercountyhumanesociety.org","Private no-kill shelter serving Worcester County and the Ocean City area, dedicated to finding homes for cats and dogs in its care:contentReference[oaicite:26]{index=26}."
Humane Society of Somerset County,Cats & Dogs,Princess Anne,Somerset County,MD,Eastern Shore,"P.O. Box 493, Princess Anne, MD 21853; (410) 651-2424","All-volunteer nonprofit rescuing injured or stray pets, promoting spay/neuter, and helping animals in Somerset County (no county shelter):contentReference[oaicite:27]{index=27}."
Humane Society of Charles County,Cats & Dogs,Waldorf,Charles County,MD,Southern MD,"71 Industrial Park Dr, Waldorf, MD 20602; (301) 645-8181; info@humanesocietycc.org","Nonprofit no-kill shelter and low-cost clinic in Charles County, providing pet adoptions, humane education, and veterinary services:contentReference[oaicite:28]{index=28}."
HART for Animals, Inc.,Cats & Dogs,Accident,Garrett County,MD,Western MD,"1265 Bumble Bee Rd, Accident, MD 21520; (301) 387-7729; info@hartforanimals.org","Nonprofit adoption center and animal welfare organization in Garrett County, rescuing pets from the county shelter and finding them homes:contentReference[oaicite:29]{index=29}."
Adopt A Homeless Animal (AAHA),Dogs & Cats,,,*,,,"www.aaha-rescue.org; (410) 205-9340","All-volunteer, foster-based rescue dedicated to saving homeless dogs and cats in Maryland and finding them permanent homes:contentReference[oaicite:30]{index=30}."
Animal Allies Rescue Foundation (AARF),Dogs & Cats,Baltimore,,MD,Central MD,"www.animalalliesrescue.org; info@animalalliesrescue.org","Baltimore-based foster network rescuing homeless cats and dogs, providing medical care and placing them in loving adoptive homes:contentReference[oaicite:31]{index=31}."
Animal Relief Fund,Dogs & Cats,,,*,,,"www.animalrelieffund.org; info@animalrelieffund.org","Nonprofit rescue organization helping at-risk dogs and cats through fostering and adoption, primarily in Maryland:contentReference[oaicite:32]{index=32}."
Animal Rescue, Inc.,Dogs & Cats,"New Freedom, PA (serves MD)",,MD (serves MD),Northern MD,"www.animalrescueinc.org; (717) 993-3232","Sanctuary and no-kill shelter on the MD/PA line that provides care for homeless pets and offers adoptions to Maryland and Pennsylvania families:contentReference[oaicite:33]{index=33}."
Best DAWG Rescue,Dogs,,,*,,,"www.dawg-rescue.org; dawg@dawg-rescue.org","Volunteer-run rescue (based in the DC/Maryland area) focusing on saving dogs of all breeds from high-kill shelters and placing them in new homes:contentReference[oaicite:34]{index=34}."
Calvert Animal Welfare League (CAWL),Dogs & Cats,Prince Frederick,Calvert County,MD,Southern MD,"www.cawlrescue.org; (410) 535-9300","Nonprofit no-kill shelter in Calvert County that rescues and adopts out cats and dogs, and promotes responsible pet ownership:contentReference[oaicite:35]{index=35}."
Companion Animal Rescue Alliance (CARA),Cats & Dogs,Laurel,Prince George's County,MD,Central MD,"Laurel, MD; cara.opensdoors@gmail.com","Small foster-based rescue in Laurel, MD working to save and rehome dogs and cats, partnering with local shelters to take in animals in need:contentReference[oaicite:36]{index=36}."
Chesapeake Cats & Dogs,Cats & Dogs,Queenstown,Queen Anne's County,MD,Eastern Shore,"www.chesapeakecatsanddogs.org; (410) 643-9955","No-kill rescue organization and adoption center on Maryland’s Eastern Shore that provides care and homes for unwanted cats and dogs:contentReference[oaicite:37]{index=37}."
Fallston Animal Rescue Movement (FARM),Cats & Dogs,Fallston,Harford County,MD,Central MD,"www.fallstonanimalrescue.org; (410) 557-7330","Nonprofit rescue group based in Harford County, MD, dedicated to saving cats and dogs (often from shelters) and finding them new adoptive homes:contentReference[oaicite:38]{index=38}."
Friends of Montgomery County Animals (FMCA),Cats & Dogs,Germantown,Montgomery County,MD,Central MD,"www.fmca.org; info@fmca.org","All-volunteer nonprofit in Montgomery County that provides foster care and adoption for cats and dogs, and financial aid for pet owners in need:contentReference[oaicite:39]{index=39}."
Home At Last Sanctuary,Special Needs Pets,,,MD,,,"www.homeatlastsanctuary.org; hal@homeatlastsanctuary.org","Sanctuary in Maryland providing lifetime care for hard-to-place or special needs animals, and finding adoptive homes for those that can be rehomed:contentReference[oaicite:40]{index=40}."
Hope Is On Your Way, AB, Inc.,Dogs & Cats,,,MD,,,"www.hopeisonyourway.org; (410) 967-1175","Nonprofit animal rescue organization assisting shelters by taking in at-risk dogs and cats, rehabilitating them, and adopting them out (Maryland-based):contentReference[oaicite:41]{index=41}."
Lizzy’s Lodge,Dogs & Cats,Silver Spring,Montgomery County,MD,Central MD,"www.lizzyslodgerescue.org; lizzyslodgerescue@gmail.com","Foster-based rescue in the Washington, DC/Maryland area rescuing dogs (and some cats), with a focus on older or special-needs animals in need of homes:contentReference[oaicite:42]{index=42}."
Luna’s House, Inc.,Dogs & Cats & Small Animals,Abingdon,Harford County,MD,Central MD,"www.lunashouse.org; (410) 671-2954","Comprehensive animal rescue and education center in Harford County that cares for dogs, cats, small mammals, birds, and reptiles until they find adoptive homes:contentReference[oaicite:43]{index=43}."
MAS Rescue, Inc.,Dogs & Cats,Baltimore,,MD,Central MD,"www.MASrescue.org; (410) 227-3566","Small, volunteer-run rescue group in the Baltimore area saving dogs and cats from high-kill shelters and abusive situations and placing them in loving homes:contentReference[oaicite:44]{index=44}."
MJ’s Animal Sanctuary,Dogs & Cats,Bowie,Prince George's County,MD,Central MD,"myresq.org/mjscal; mjsanimalsanctuary@gmail.com","Nonprofit rescue in Maryland that provides a safe haven for homeless cats and dogs (especially seniors or special needs) until permanent homes are found:contentReference[oaicite:45]{index=45}."
Montgomery County Humane Society (MCHS),Dogs & Cats,Rockville,Montgomery County,MD,Central MD,"www.mchumane.org; mchs@mchumane.org","Private nonprofit animal welfare organization in Montgomery County offering pet adoption, community outreach, and support for the county shelter’s animals:contentReference[oaicite:46]{index=46}."
Partnership for Animal Welfare (PAW),Dogs & Cats,Greenbelt,Prince George's County,MD,Central MD,"www.paw-rescue.org; (301) 572-4729","Volunteer-based group in the DC/Maryland region that rescues homeless dogs and cats (mainly from shelters) and places them with foster and then adoptive families:contentReference[oaicite:47]{index=47}."
Pitties & Purrs Rescue, Inc.,Dogs & Cats,Baltimore,Baltimore City,MD,Central MD,"www.pittiesandpurrs.org; adoptpitties@gmail.com","Baltimore-based 501(c)(3) rescue saving pit bull-type dogs and cats at risk of euthanasia, rehabilitating them and matching them with loving homes:contentReference[oaicite:48]{index=48}."
PetConnect Rescue,Dogs & Cats,,,MD,,,"www.petconnectrescue.org; (877) 838-9171 (Emergency Only)","Rescue organization serving DC/MD/VA that pulls dogs and cats from high-kill shelters (often out-of-state) and finds them foster and adoptive homes:contentReference[oaicite:49]{index=49}."
Pet Rescue of Maryland,Dogs & Cats,Monkton,Baltimore County,MD,Central MD,"www.petrescueofmd.org; info@petrescueofmd.org","Small no-kill rescue group based in Baltimore County, MD that saves cats and dogs (often from owners who can’t keep them) and adopts them to new families:contentReference[oaicite:50]{index=50}."
Reach Out Rescue & Resources (RORR),Dogs,Westminster,Carroll County,MD,Central MD,"www.reachoutrescue.org; rorrcanine@gmail.com","Foster-based dog rescue in Maryland, specializing in rescuing dogs from high-kill rural shelters and providing them veterinary care and foster homes until adoption:contentReference[oaicite:51]{index=51}."
Rude Ranch Animal Rescue,Cats & Dogs,Harwood,Anne Arundel County,MD,Southern MD,"www.ruderanch.org; (410) 798-9559","No-kill animal sanctuary in Anne Arundel County that rescues cats and dogs (often the most at-risk cases) and houses them until they find forever homes; also operates a low-cost spay/neuter clinic:contentReference[oaicite:52]{index=52}."
Saving Grace Animal Rescue of Maryland,Dogs & Cats,,,MD,,,"www.savinggraceanimalrescuemd.com; savinggracenews@gmail.com","Rescue group in Maryland dedicated to saving cats and dogs from overcrowded shelters or unsafe situations and placing them into foster and adoptive homes:contentReference[oaicite:53]{index=53}."
Senior Dog Sanctuary of Maryland,Senior Dogs,Severn,Anne Arundel County,MD,Central MD,"www.seniordogsanctuary.com; (443) 742-0270","Safe haven in Severn, MD for senior dogs that have been abandoned or are at risk; provides lifelong care or adoption services tailored for older dogs:contentReference[oaicite:54]{index=54}."
Small Miracles Cat & Dog Rescue,Dogs & Cats,Ellicott City,Howard County,MD,Central MD,"www.smallmiraclesrescue.org; (410) 461-0516","No-kill, volunteer-run shelter in Howard County that rescues cats and dogs, including many from high-kill facilities, and adopts them out to loving homes:contentReference[oaicite:55]{index=55}."
Tara’s House Animal Rescue,Dogs,,,MD,,,"www.tarashouse.net; info@tarashouse.net","All-breed dog rescue group (foster-based) in Maryland that saves dogs from high-kill shelters (mostly in the South) and finds them adoptive homes in the Mid-Atlantic:contentReference[oaicite:56]{index=56}."
Last Chance Animal Rescue,Dogs & Cats,Waldorf,Charles County,MD,Southern MD,"www.lastchanceanimalrescue.org; (301) 274-9409; dogs@lastchanceanimalrescue.org","Large no-kill rescue based in Waldorf, MD, which pulls dogs and cats from high-kill shelters (regionally) and operates adoption events and a spay/neuter clinic:contentReference[oaicite:57]{index=57}."
Rescue Angels of Southern Maryland (RASM),Dogs & Cats,Mechanicsville,St. Mary's County,MD,Southern MD,"rescueangelssomd.com; info@rescueangelssomd.com","501(c)(3) rescue based in Southern Maryland that saves cats and dogs from undesirable or unsafe situations and places them with foster and adoptive families:contentReference[oaicite:58]{index=58}."
Alley Cat Rescue,Cats,Mount Rainier,Prince George's County,MD,Central MD,"www.saveacat.org; (301) 277-5595","International nonprofit headquartered in Maryland, focused on the rescue, rehabilitation, and adoption of stray and feral cats, and advocating TNR and humane education:contentReference[oaicite:59]{index=59}."
Chesapeake Feline Association,Cats,North East,Cecil County,MD,Eastern Shore,"www.chesapeakefelineassociation.org; (410) 507-0664","No-kill feline rescue in Cecil County, MD that provides a shelter for stray, abandoned, and feral cats, serving the Cecil County area through adoption and spay/neuter programs:contentReference[oaicite:60]{index=60}:contentReference[oaicite:61]{index=61}."
Cats R Us,Cats,Annapolis,Anne Arundel County,MD,Central MD,"www.catsrusrescue.org; info@catsrusrescue.org","All-volunteer cat rescue group based in Annapolis, MD, dedicated to reducing euthanasia by rescuing at-risk cats and kittens and finding them homes (and promoting spay/neuter)."
Cuddles Cat Rescue,Cats,Thurmont,Frederick County,MD,Central MD,"www.cuddlescatrescue.com; cuddlescatrescue@gmail.com","Volunteer-run rescue in Thurmont, MD focused on saving stray and abandoned cats and kittens, providing foster care and arranging adoptions in the local area:contentReference[oaicite:62]{index=62}."
Feline Rescue Association (FRA),Cats,"Baltimore / Owings Mills",Baltimore County,MD,Central MD,"www.baltimorecats.org; baltimorecats@gmail.com","Baltimore-based cat rescue group that takes in homeless cats and kittens (often sick, injured, or neonatal) and provides foster homes, veterinary care, and adoption placement:contentReference[oaicite:63]{index=63}."
Friends For Life Cat Rescue, Inc.,Cats,Frederick,Frederick County,MD,Central MD,"(240) 818-3688","No-kill cat rescue in Frederick, MD that houses, rehabilitates, and rehomes unwanted cats and kittens, ensuring they find safe and loving forever homes:contentReference[oaicite:64]{index=64}:contentReference[oaicite:65]{index=65}."
Howard County Cat Club,Cats,Columbia,Howard County,MD,Central MD,"www.howardcountycats.org; (410) 730-3679","Nonprofit rescue and advocacy group in Howard County that runs a cage-free shelter for cats, facilitates cat adoptions, and assists the community with trap-neuter-return for feral cats:contentReference[oaicite:66]{index=66}."
Little Flower Rescue,Cats,Parkville,Baltimore County,MD,Central MD,"adoptapet.com (Little Flower Rescue, Parkville); (443) 895-8724","Small cat rescue in Baltimore County, MD, that saves cats (often stray or abandoned) in the local area, placing them in foster care and eventually in permanent homes:contentReference[oaicite:67]{index=67}."
Laurel Cats, Inc.,Cats (TNR),Laurel,"Prince George's / Howard County",MD,Central MD,"www.laurelcats.org; (301) 886-0161","Community-based nonprofit in Laurel, MD devoted to humanely reducing the feral and stray cat population through trap-neuter-return (TNR) and finding homes for adoptable community cats:contentReference[oaicite:68]{index=68}."
Lucky Cat Rescue,Cats,Baltimore,Baltimore City,MD,Central MD,"www.luckycatrescue.com; (443) 384-7374","Foster-based cat rescue organization in the Baltimore area that saves cats and kittens from shelters or unsafe situations and adopts them into loving homes:contentReference[oaicite:69]{index=69}."
Only Maine Coon Rescue (OMC),Cats (Maine Coons),,,MD,,,"www.omcrescue.org; info@omcrescue.org","Specialty cat rescue network that focuses on rescuing Maine Coon cats (and mixes) in Maryland and surrounding states, utilizing foster homes and a transport network to place them in adoptive homes:contentReference[oaicite:70]{index=70}."
Maryland Kitty (RescueMe),Cats,,,MD,,,"cat.rescueme.org/MD","Online network via Rescue Me for Maryland cat rehoming – connects Maryland cats in need of new homes with potential adopters (user-posted rescue listings for cats in MD):contentReference[oaicite:71]{index=71}."
Pets-4-Pets, Inc.,Cats,"Montgomery County",Montgomery County,MD,Central MD,"www.pets4petscats.org; (240) 405-4564","Nonprofit cat rescue in the Maryland suburbs of DC that takes in stray or unwanted cats and kittens, provides veterinary care (spay/neuter), and places them for adoption in the local area:contentReference[oaicite:72]{index=72}:contentReference[oaicite:73]{index=73}."
Potomac Stray Cat Rescue,Cats,Potomac,Montgomery County,MD,Central MD,"potomacstraycats.tripod.com; pstraycats@aol.com","Small volunteer-run rescue group in the Potomac area that cares for stray cats and feral kittens, socializing them and seeking adoptive homes (especially for friendly strays):contentReference[oaicite:74]{index=74}."
Siamese Cat Rescue Center (VA Siamese Rescue),Cats (Siamese),"Arlington, VA (serves MD)",,VA (serves MD),,,"www.siameserescue.org; vasrc@siameserescue.org","Rescue network (based in Virginia) specializing in Siamese and Siamese-mix cats; saves Siamese cats across the Mid-Atlantic, including Maryland, via a foster volunteer network:contentReference[oaicite:75]{index=75}."
Community Cats Coalition,Cats (TNR),Berlin,Worcester County,MD,Eastern Shore,,"Grassroots volunteer group in Worcester County, MD that practices trap-neuter-return for community cats and provides care (food, shelter, vet) for managed feral cat colonies in the Berlin/Ocean City area."
Cool Cats Rescue,Cats,,,,,,"Volunteer cat rescue group in Maryland focusing on saving cats from local shelters and the community and placing them into foster care until they are adopted (contact via Petfinder or social media)."
Happy Hounds Homeward Bound,Dogs,,,,,,"info.hhhb@gmail.com; (443) 340-6114","Small dog rescue group in Maryland that relies on foster homes to rehabilitate and rehome dogs in need (often pulling from shelters) [Maryland-based foster network]:contentReference[oaicite:76]{index=76}."
Harnessed to Hope Northern Breed Rescue,Dogs (Northern Breeds),,,,MD,,,"www.nbrescue.com; (866) 65-RESCUE","Rescue specializing in Northern breed dogs (such as Huskies, Malamutes) operating in the Mid-Atlantic region, including MD, helping to save and rehome these often high-energy breeds:contentReference[oaicite:77]{index=77}."
Knine Rescue, Inc.,Dogs,Brookeville,Montgomery County,MD,Central MD,"www.kninerescue.com; kninerescueinc@gmail.com","All-breed dog rescue based in Montgomery County, MD, that saves dogs from overpopulated shelters and places them in temporary foster care until a permanent family is found:contentReference[oaicite:78]{index=78}."
Mutts Need Love Too,Dogs,,,,,,"muttsneedlove@aol.com","A small rescue initiative in Maryland focusing on saving mixed-breed dogs (“mutts”) and finding them loving homes, emphasizing that all dogs deserve a chance (volunteer foster-based):contentReference[oaicite:79]{index=79}."
Operation Paws for Homes (OPH Rescue),Dogs,"Alexandria, VA / MD",,VA/MD,,"www.ophrescue.org; (703) 344-7320","Large foster-based rescue serving MD, DC, and VA, transporting dogs from high-kill shelters (mostly in the South) to the Mid-Atlantic and adopting them out to families (no physical shelter, network of fosters):contentReference[oaicite:80]{index=80}."
Paws Crossed Dog Rescue,Dogs,"Hedgesville, WV (serves MD)",,WV/MD,,,"www.PawsCrossedDogRescue.com; pawscrosseddogrescue@yahoo.com","Volunteer-run dog rescue serving the Eastern Panhandle of WV and nearby MD counties, pulling dogs from rural high-kill shelters and placing them in foster homes until adoption:contentReference[oaicite:81]{index=81}:contentReference[oaicite:82]{index=82}."
Roxie’s Fund, Inc.,Dogs,Silver Spring,Montgomery County,MD,Central MD,"www.roxiesfund.org; info@roxiesfund.org","Nonprofit rescue in Maryland dedicated to saving dogs (especially seniors or those with medical needs) from neglect, abuse, or euthanasia, and advocating for humane treatment of all dogs:contentReference[oaicite:83]{index=83}."
We Rescue Love, Inc.,Dogs,Ellicott City,Howard County,MD,Central MD,"www.werescuelove.org; adopt@werescuelove.org","Foster-based dog rescue founded in 2014 and based in Maryland, committed to saving homeless dogs (often from overcrowded shelters) and placing them in loving homes; formerly known as Love on a Leash:contentReference[oaicite:84]{index=84}:contentReference[oaicite:85]{index=85}."
Wings of Love, Kuwait,Dogs,Baltimore,Baltimore City,MD,Central MD,"www.wingsoflovekuwait.com; adopt@wingsoflovekuwait.com","Volunteer-run rescue based in Baltimore, MD that transports homeless dogs from Kuwait to the U.S., giving these international rescue dogs a chance to find loving adoptive families in Maryland:contentReference[oaicite:86]{index=86}."
So MD Animal Rescue, Inc.,Dogs,Mechanicsville,St. Mary's County,MD,Southern MD,"(301) 653-2271; smar46@aol.com","A small 501(c)(3) dog rescue in Southern Maryland (Golden Beach area) focused on rescuing, rehabilitating, and rehoming stray and shelter dogs, as well as assisting pet owners in need:contentReference[oaicite:87]{index=87}:contentReference[oaicite:88]{index=88}."
Mid-Atlantic Akita Rescue (Akita Rescue Mid-Atlantic Coast),Dogs (Akita),,,,MD,,,"akitarescue.rescuegroups.org; (703) 730-0844","Rescue network specializing in Akita dogs, covering the Mid-Atlantic including MD; rescues Akitas from shelters or owners and rehomes them through foster/adoption:contentReference[oaicite:89]{index=89}."
Chesapeake Area Alaskan Malamute Protection (CHAAMP),Dogs (Alaskan Malamute),,,,MD,,,"www.chaamp.org; malamuterescue@gmail.com","Breed-specific rescue serving MD and surrounding states, devoted to rescuing and rehoming Alaskan Malamutes in need (often large working breed dogs requiring experienced homes):contentReference[oaicite:90]{index=90}."
American Bulldog Rescue (Mid-Atlantic),Dogs (American Bulldog),,,,MD,,,"www.americanbulldogrescue.org; Jodi@AmericanBulldogRescue.org","Nonprofit rescue focusing on American Bulldogs (and occasionally other bully breeds), with volunteers in MD and nearby states; provides vet care and foster until suitable adopters are found:contentReference[oaicite:91]{index=91}."
Australian Cattle Dog Rescue Association (ACDRA),Dogs (Australian Cattle Dog),,,,MD,,,"www.acdra.org; MDShelterRep@acdra.org","Rescue organization covering the East Coast including MD that rehabilitates and rehomes Australian Cattle Dogs (Blue/Red Heelers) from shelters or surrendered by owners:contentReference[oaicite:92]{index=92}."
Australian Shepherd Rescue (ARPH),Dogs (Australian Shepherd),,,,MD,,,"www.aussierescue.org; 1-877-ARPH-779","Nationwide rescue program (Aussie Rescue & Placement Helpline) with volunteers in MD, dedicated to finding new homes for Australian Shepherds in need."
New Spirit 4 Aussie Rescue (NS4AR),Dogs (Australian Shepherd),,,,MD,,,"www.ns4ar.org; sraussies@gmail.com","All-volunteer rescue group for Australian Shepherds and Aussie mixes, covering the Mid-Atlantic (including MD); places Aussies from shelters into foster care and then into adoptive homes:contentReference[oaicite:93]{index=93}."
Basset Hound Rescue of MD (and Dachshunds & Corgis),Dogs (Basset, Dachshund, Corgi),,,,MD,,,"www.bassethoundrescuemd.org; info@bassethoundrescuemd.org","Rescue organization in Maryland that specializes in Basset Hounds (also assists Dachshunds and Corgis), saving these breeds from shelters or owner surrenders and placing them into new homes:contentReference[oaicite:94]{index=94}."
Basset Hound Rescue of Old Dominion (BROOD),Dogs (Basset Hound),,,,MD/VA,,,"www.brood-va.org; 1-866-710-9476","Regional rescue covering VA/MD/DC for Basset Hounds; takes in Bassets from shelters or in need of rehoming, provides veterinary care, and matches them with adoptive families:contentReference[oaicite:95]{index=95}."
Beagle Rescue of Southern Maryland,Dogs (Beagle),Waldorf,Charles County,MD,Southern MD,"www.beaglemaryland.org; info@beaglemaryland.org","Volunteer group rescuing Beagles (a popular hound breed) in Southern Maryland; provides foster care and adoption services specifically for Beagles in need:contentReference[oaicite:96]{index=96}."
BEAGLE Rescue Education & Welfare (BREW),Dogs (Beagle),,,,MD/DC,,,"www.brewbeagles.org; Contactus@brewbeagles.org","Rescue organization (Beagle Rescue, Education and Welfare) serving the Mid-Atlantic including MD, rehabilitating stray or shelter Beagles and placing them with loving families:contentReference[oaicite:97]{index=97}."
Bearded Collie Club of America Rescue,Dogs (Bearded Collie),,,,MD/DC,,,"www.beardedcollieclub.us/rescue; gandafna.roger99@gmail.com","Breed club rescue program for Bearded Collies nationwide; has representatives in MD to assist in rehoming Bearded Collies that are lost, abandoned, or need a new home:contentReference[oaicite:98]{index=98}."
Bedlington Terrier Rescue,Dogs (Bedlington Terrier),,,,MD,,,"www.bedlingtonamerica.com/resources/rescue; Lmfreeman1959@gmail.com","Breed rescue affiliated with Bedlington Terrier Club of America, covering the U.S. including MD; helps find new homes for Bedlington Terriers through a network of volunteers:contentReference[oaicite:99]{index=99}."
American Belgian Malinois Rescue,Dogs (Belgian Malinois),,,,MD,,,"www.malinoisrescue.org; malinoisrescue@rocketmail.com","Nationwide breed rescue for Belgian Malinois (high-drive working dogs), with coordinators in MD; rescues Malinois from shelters/owners and matches them with experienced adopters:contentReference[oaicite:100]{index=100}."
Bernese Mountain Dog Club of Nashoba Rescue,Dogs (Bernese Mountain Dog),,,,MD,,,"www.mdbmdc.org; Cox215@comcast.net","Regional breed club rescue for Bernese Mountain Dogs in the Mid-Atlantic; assists in rehoming Berners from shelters or owners, with volunteers and foster homes in MD."
American Brittany Rescue (MD),Dogs (Brittany Spaniel),,,,MD,,,"www.americanbrittanyrescue.org; abr.md@americanbrittanyrescue.org","National rescue organization for Brittany Spaniels with state coordinators in MD; rescues and places Brittanys into foster and adoptive homes, ensuring they get training and love."
Mid-Atlantic Bulldog Rescue,Dogs (English Bulldog),,,,MD/NJ,,,"www.midatlanticbulldogrescue.com; mabdrescue@yahoo.com","Rescue group focusing on English Bulldogs in the Mid-Atlantic area; takes in Bulldogs from shelters or owners who can no longer care for them, and places them with carefully vetted adopters:contentReference[oaicite:103]{index=103}."
French Bulldog Rescue Network (FBRN),Dogs (French Bulldog),,,,MD,,,"www.frenchbulldogrescue.org; fbrn.apps@fbrn.net","Nationwide rescue network for French Bulldogs with volunteers in Maryland; provides foster care for surrendered or rescued Frenchies and adopts them out to approved homes:contentReference[oaicite:104]{index=104}."
American Bullmastiff Association Rescue,Dogs (Bullmastiff),,,,MD,,,"www.bullmastiff.us/rescue; jen.sorrell21@gmail.com","Breed club rescue program for Bullmastiffs across the U.S., including a Maryland chapter; works to rehome Bullmastiffs from shelters or those given up by owners:contentReference[oaicite:105]{index=105}."
Bull Terrier Rescue of MD/DC/VA (BRBTC),Dogs (Bull Terrier),,,,MD/DC,,,"www.brbtc.com; info.brbtc@gmail.com","Rescue committee of the Bull Terrier Club covering MD/DC/VA; rescues and rehabilitates Bull Terriers and places them into approved, breed-experienced homes:contentReference[oaicite:106]{index=106}."
Potomac Cairn Terrier Club Rescue,Dogs (Cairn Terrier),,,,MD/DC,,,"rescue.potomacctc.org; locleland@verizon.net","Cairn Terrier breed rescue serving the Mid-Atlantic (MD/VA/DC); helps Cairn Terriers in need by providing foster care and placement through the regional breed club:contentReference[oaicite:107]{index=107}."
Cairn Rescue USA (Northeast),Dogs (Cairn Terrier),,,,MD,,,"www.cairnrescueusa.com; info@cairnrescueusa.com","National Cairn Terrier rescue with volunteers in MD; arranges intake and adoption of Cairn Terriers (small terriers) that need new homes, working through local foster homes:contentReference[oaicite:108]{index=108}."
Chesapeake Chihuahua Rescue (Chi Society),Dogs (Chihuahua),,,,MD,,,"cnwh.rescue@gmail.com","Rescue focused on Chihuahuas and small mixes in the Chesapeake region; takes in homeless Chihuahuas, often from area shelters, and finds them suitable adoptive homes:contentReference[oaicite:109]{index=109}."
Crest-Care, Inc.,Dogs (Chinese Crested),,,,MD,,,"www.crest-care.net; crestcareinc@gmail.com","Volunteer-run national rescue for Chinese Crested dogs (hairless toy breed) with fosters in MD; rehomes Cresteds from shelters or surrenders to loving homes and provides breed-specific care advice:contentReference[oaicite:110]{index=110}."
Chow Chow Rescue (Chow Rescue Central NY, serves MD),Dogs (Chow Chow),,,,MD,,,"www.chowrescuecny.org; 315-699-3086","Rescue group (based in NY) that occasionally serves Maryland for Chow Chow dogs; assists in rescuing and placing Chows and Chow mixes into homes that understand the breed’s needs:contentReference[oaicite:111]{index=111}."
Cocker Spaniel Adoption Center (CSAC),Dogs (Cocker Spaniel),Westminster,Carroll County,MD,Central MD,"www.cockeradoptions.org; information@cockeradoptions.org","Cocker Spaniel rescue based in MD (offices in Westminster) that takes in Cocker Spaniels from shelters or owners who can’t keep them, providing medical care and finding new loving homes:contentReference[oaicite:112]{index=112}."
Oldies But Goodies Cocker Rescue (OBG),Dogs (Cocker Spaniel),"Arlington, VA (serves MD)",,VA/MD,,"www.cockerspanielrescue.com; (703) 533-2373","Rescue devoted to Cocker Spaniels, especially seniors (‘oldies but goodies’), based in the DC area; they rescue Cockers from shelters in MD/VA and foster them until adoption:contentReference[oaicite:113]{index=113}."
Collie Rescue, Inc.,Dogs (Collie),,,,MD/DC,,,"www.savecollies.org; info@savecollies.org","Rescue for Collies (like Lassie) in the Mid-Atlantic, including Maryland; provides foster care and veterinary attention to Collies in need and places them with families familiar with the breed:contentReference[oaicite:114]{index=114}."
American Black & Tan Coonhound Rescue,Dogs (Black & Tan Coonhound),,,,MD,,,"www.coonhoundrescue.com; mmad0929@aol.com","Nationwide breed rescue for coonhounds focusing on Black and Tan Coonhounds, with fosters in MD; saves hounds from high-kill shelters and finds them homes or working roles as pets:contentReference[oaicite:115]{index=115}."
Pembroke Welsh Corgi Rescue (PWCCP),Dogs (Pembroke Welsh Corgi),,,,MD/DC,,,"pwccp.org/Rescue; silverrodell@comcast.net","Rescue program of the Pembroke Welsh Corgi Club of the Potomac, helping Corgis in MD/VA area; rehomes Corgis that have been lost, abandoned or surrendered, ensuring they go to suitable homes:contentReference[oaicite:116]{index=116}."
Curly-Coated Retriever Club of America Rescue,Dogs (Curly-Coated Retriever),,,,MD,,,"www.ccrca.org/resQ; division4@ccrca.org","Breed club rescue for Curly-Coated Retrievers (rare retriever breed) with a coordinator for the East Coast; assists in any needed rehoming of Curlies, including those in Maryland:contentReference[oaicite:117]{index=117}."
Dachshund Rescue of North America (DRNA),Dogs (Dachshund),,,,MD/DC,,,"www.drna.org; ann_donnawell@comcast.net","Large network rescue devoted to Dachshunds with volunteers all over the East Coast including MD; saves Dachshunds and mixes, particularly seniors or those needing medical care, and matches them with loving adopters:contentReference[oaicite:118]{index=118}."
Coast to Coast Dachshund Rescue (CCDR),Dogs (Dachshund),,,,MD,,,"www.c2cdr.org; info@c2cdr.org","National Dachshund rescue organization with a Mid-Atlantic presence; its foster volunteers in MD help rehabilitate and find homes for Dachshunds coming from shelters or owner surrenders:contentReference[oaicite:119]{index=119}."
Chocolate Chip Dalmatian Assistance League (CCDAL),Dogs (Dalmatian),,,,MD/DC,,,"www.ccdal.org; ccdal@comcast.net; (301) 434-1086","Rescue group focusing on Dalmatians, based in the DC/Maryland region; helps Dals in need of rehoming by providing vet care and matching them with new families (with the quirky name “Chocolate Chip Dalmatian” referring to liver-spotted Dals):contentReference[oaicite:120]{index=120}."
Doberman Rescue Unlimited (DAR&E),Dogs (Doberman Pinscher),,,,MD,,,"www.dobe.net; darefeedback@yahoo.com","Doberman Pinscher rescue covering the Mid-Atlantic, including Maryland; works to save Dobermans from shelters or bad situations and to place them with knowledgeable, loving adopters:contentReference[oaicite:121]{index=121}."
A Better English Setter Rescue (ABESR),Dogs (English Setter),,,,MD,,,"www.abetteresetter.org; MISetters@ABetterESetter.org","Volunteer-run rescue group for English Setters, covering multiple states including MD; dedicated to rescuing homeless English Setters (often from hunting backgrounds) and finding them family homes:contentReference[oaicite:122]{index=122}."
Mid-Atlantic English Springer Spaniel Rescue (MAESSR),Dogs (English Springer Spaniel),,,,MD,,,"www.maessr.org; (301) 362-0423","Regional rescue group for English Springer Spaniels serving the Mid-Atlantic (MD/VA and beyond); rescues Springers from shelters or owners and places them in foster care until adoption:contentReference[oaicite:123]{index=123}."
Fox Terrier Rescue, Inc.,Dogs (Smooth & Wire Fox Terrier),,,,MD,,,"www.foxterrierrescue.net; 1-888-FOX-TERR","Rescue group dedicated to Smooth and Wire Fox Terriers in the U.S., with volunteers in MD; saves Fox Terriers and finds them appropriate forever homes after fostering and vetting:contentReference[oaicite:124]{index=124}."
Mid-Atlantic German Shepherd Rescue (MAGSR),Dogs (German Shepherd),Mt. Airy,Carroll County,MD,Central MD,"www.magsr.org; help@magsr.org","Maryland-based rescue for German Shepherd Dogs, serving the Mid-Atlantic; rescues GSDs from shelters or unsafe situations and works on training and rehoming them to qualified adopters:contentReference[oaicite:125]{index=125}."
All Shepherd Rescue (ASR),Dogs (German Shepherd & mixes),Baltimore/Anne Arundel,,MD,Central MD,"www.allshepherdrescue.com; adoptions@allshepherdrescue.com","Nonprofit rescue for German Shepherds and similar breeds, based in Maryland; pulls dogs from shelters (including mixes like Shepherd crosses) and places them in foster care while seeking their forever homes:contentReference[oaicite:126]{index=126}."
Maryland German Shorthaired Pointer Rescue,Dogs (German Shorthaired Pointer),,,,MD,,,"www.mdgsprescue.org; mdgsprescue@yahoo.com","Rescue group dedicated to German Shorthaired Pointers in Maryland; helps coordinate the rescue and adoption of GSPs in need, working with shelters and owners who must give up their dogs:contentReference[oaicite:127]{index=127}."
National German Wirehaired Pointer Rescue,Dogs (German Wirehaired Pointer),,,,MD,,,"www.nationalgwprescue.com; shoalwater@windstream.net","National volunteer rescue for German Wirehaired Pointers, with local volunteers in MD; finds homes for GWP hunting dogs that end up in shelters or need rehoming, emphasizing their exercise needs:contentReference[oaicite:128]{index=128}."
Almost Heaven Golden Retriever Rescue & Sanctuary,Dogs (Golden Retriever),,,,WV/MD,,,"www.almostheaven-golden-retriever-rescue.org; (304) 856-1600","Rescue and sanctuary located in WV serving the region including MD, focused on Golden Retrievers; provides a safe haven for Goldens (especially seniors) and adopts them out or provides lifelong care:contentReference[oaicite:129]{index=129}."
GoldHeart Golden Retriever Rescue,Dogs (Golden Retriever),Chester,Queen Anne's County,MD,Eastern Shore,"www.goldheart.org; goldheart@goldheart.org","Volunteer-run Golden Retriever rescue based in Maryland (Eastern Shore); rescues Goldens from various situations and finds them loving homes, covering MD and surrounding states:contentReference[oaicite:130]{index=130}."
GRREAT (Golden Retriever Rescue, Education and Training),Dogs (Golden Retriever),,,,MD/DC,,,"www.grreat.org; (703) 620-6593","Established rescue organization serving the Mid-Atlantic (including MD) for Golden Retrievers; provides foster care, training, and rehoming for Goldens and educates the public on the breed:contentReference[oaicite:131]{index=131}."
Mid-Atlantic Great Dane Rescue League (MAGDRL),Dogs (Great Dane),,,,MD,,,"www.magdrl.org; magdrlmd@gmail.com","Rescue network that rehabilitates and rehomes Great Danes across the Mid-Atlantic region; the Maryland chapter of MAGDRL helps giant breed dogs find suitable forever homes:contentReference[oaicite:132]{index=132}."
Appalachian Great Pyrenees Rescue (AGPR),Dogs (Great Pyrenees),,,,VA/MD,,,"www.agprescue.org; bpkennel@msn.com","Rescue group dedicated to Great Pyrenees dogs, operating in VA/MD; takes in Great Pyrenees (large livestock guardian dogs) from shelters or surrender and adopts them to loving homes:contentReference[oaicite:133]{index=133}."
Blue Ridge Great Pyrenees Rescue,Dogs (Great Pyrenees),,,,VA/MD,,,"brgpre.org; jen@brgpre.org; (703) 476-6346","Rescue for Great Pyrenees serving the Blue Ridge area (MD/VA); saves Great Pyrenees dogs in need and matches them with families, often those who understand their guardian instincts:contentReference[oaicite:134]{index=134}."
Greyhound Pets of America - Maryland (GPA-MD),Dogs (Greyhound),,,,MD,,,"www.gpa-md.com; (800) 600-8607","Maryland chapter of Greyhound Pets of America, facilitating the adoption of retired racing Greyhounds; places Greyhounds into pet homes and provides support to new Greyhound owners:contentReference[oaicite:135]{index=135}."
Greyhound Rescue, Inc.,Dogs (Greyhound),,,,MD/WV,,,"greyhoundrescue.org; denisegreys@gmail.com; (304) 229-4944","Rescue organization (based in WV) that also serves MD/DC area to find homes for retired racing Greyhounds; fosters Greyhounds and educates the public about them as pets:contentReference[oaicite:136]{index=136}."
Irish Setter Club of America Rescue (Region),Dogs (Irish Setter),,,,MD,,,"www.irishsetterclub.org; debdalk@gmail.com","Rescue arm of the Irish Setter Club, with Mid-Atlantic volunteers; helps rehome Irish Setters that come into shelters or need new homes, ensuring this active breed goes to prepared adopters:contentReference[oaicite:137]{index=137}."
Potomac Valley Irish Wolfhound Club Rescue,Dogs (Irish Wolfhound),,,,MD/VA,,,"www.pviwc.org/rescue.html; pvrescue@pviwc.org","Breed club rescue for Irish Wolfhounds in the Potomac Valley region (MD/VA); assists in any Irish Wolfhounds in need of rescue, providing vet care and screening adoptive homes for this giant breed:contentReference[oaicite:138]{index=138}."
Mid-Atlantic Italian Greyhound Rescue,Dogs (Italian Greyhound),,,,MD,,,"www.midatlanticiggyrescue.com; midatlanticigrescue@cox.net","Rescue network for Italian Greyhounds (toy sighthounds) in the Mid-Atlantic, including MD; rescues Iggies who are lost or in shelters and places them in foster care and then in adoptive homes:contentReference[oaicite:139]{index=139}."
Jack Russell Rescue (Russell Rescue Inc.),Dogs (Jack Russell Terrier),,,,MD,,,"www.russellrescue.com; secondchances4dogs@comcast.net","National Russell Rescue network with Mid-Atlantic volunteers; saves Jack Russell Terriers and Jack mixes that are in shelters or need new homes, then matches them with suitable adoptive families:contentReference[oaicite:140]{index=140}."
Keeshond Rescue (KARMA),Dogs (Keeshond),,,,MD,,,"www.karmakees.org; karmakeesrsq@gmail.com","Keeshond rescue group (Keeshond Affiliated Rescuers of Mid-Atlantic) that rehabilitates and rehomes Keeshonden (Dutch barge dogs) in Maryland and neighboring states:contentReference[oaicite:141]{index=141}."
Komondor Rescue,Dogs (Komondor),,,,MD,,,"www.komondorrescue.com; komondor@comcast.net","Rescue program for Komondor (large Hungarian guardian dogs) managed by the Komondor Club of America; helps find homes for displaced Komondors, occasionally including ones in Maryland:contentReference[oaicite:142]{index=142}."
Kuvasz Rescue USA,Dogs (Kuvasz),,,,MD,,,"www.kuvaszrescue.us; steve@kuvaszrescue.us","Rescue initiative for Kuvaszok (large livestock guardian breed) across the US, including MD; works to place Kuvasz dogs from shelters or owners into new homes that understand the breed’s nature:contentReference[oaicite:143]{index=143}."
Lab Rescue LRCP (Labrador Retriever Rescue),Dogs (Labrador Retriever),,,,MD/DC,,,"www.lrr.org; labgab@lrr.org","Labrador Retriever rescue group in the DC/Maryland/Virginia area that saves Labs of all ages from shelters or owners and carefully rehomes them (providing training and vet care as needed):contentReference[oaicite:144]{index=144}."
Lab Rescue of the LRCP (Labs),Dogs (Labrador Retriever),,,,MD/DC,,,"www.lab-rescue.org; info@lab-rescue.org","Lab Rescue of the Labrador Retriever Club of the Potomac – a large network that rescues and adopts out Labradors in the Mid-Atlantic, including MD, focusing on thorough vetting and matching to families:contentReference[oaicite:145]{index=145}."
Lhasa Apso Rescue (American Lhasa Apso Club Rescue),Dogs (Lhasa Apso),,,,MD,,,"www.lhasaapsorescue.org; lhasarescue01@gmail.com","Volunteer rescue effort for Lhasa Apsos (small Tibetan breed) in the U.S., with contacts in MD; takes in Lhasas that need new homes and places them through a foster and adoption process:contentReference[oaicite:146]{index=146}."
American Maltese Association Rescue,Dogs (Maltese),,,,MD,,,"www.americanmalteserescue.org; Vcannonlady@aol.com","National rescue group for Maltese dogs (toy breed) with regional coordinators in MD; rescues Maltese from shelters or relinquishing owners and finds them adoptive homes while providing necessary medical care:contentReference[oaicite:147]{index=147}."
Mid-Atlantic Great Dane Rescue League (MAGDRL) - MD Chapter,Dogs (Great Dane),,,,MD,,,"www.magdrl.org; magdrlmd@gmail.com","Maryland chapter of MAGDRL (see above) focusing on rescuing Great Danes in MD."
American Mastiff Rescue (FOR Mastiffs),Dogs (Mastiff),,,,MD,,,"www.mastiffrescue.org; carrwd@verizon.net","Rescue group for Mastiff breeds (English Mastiffs primarily) operating nationally with volunteers in MD; helps rehome giant breed mastiffs that have lost their homes, ensuring adopters are capable of caring for these large dogs:contentReference[oaicite:148]{index=148}."
Miniature Pinscher Rescue (IMPS),Dogs (Miniature Pinscher),,,,MD,,,"www.minpinrescue.org; 1-877-MINPIN1","Internet Miniature Pinscher Service – a nationwide rescue for Min Pins with volunteers in Maryland; rescues Min Pins and places them into approved homes, also providing breed-specific advice:contentReference[oaicite:149]{index=149}."
Colonial Newfoundland Rescue,Dogs (Newfoundland),,,,MD,,,"www.colonialnewfrescue.org; info@colonialnewfrescue.org","Newfoundland dog rescue group serving the Mid-Atlantic, including Maryland; helps find homes for Newfoundlands in need, often collaborating with the regional Newfoundland Club for fosters/adopters:contentReference[oaicite:150]{index=150}."
Norwegian Elkhound Rescue (NECR),Dogs (Norwegian Elkhound),,,,MD,,,"www.necpv.org; elkiehelp@gmail.com","Rescue committee for Norwegian Elkhounds (spitz breed) in the Northeast U.S., including MD; works to rehome Elkhounds that have been given up or found as strays, often through a network of breed enthusiasts:contentReference[oaicite:151]{index=151}."
Potomac Valley Pekingese Club Rescue,Dogs (Pekingese),Richmond,**serves MD**,VA,Southern MD,"www.potomacpekes.org; potomacpekes@gmail.com","Rescue arm of the Potomac Valley Pekingese Club, based in the greater MD/VA area; takes in Pekingese dogs from shelters or owners and provides medical care and foster homes until adoption:contentReference[oaicite:152]{index=152}."
Petit Basset Griffon Vendéen (PBGV) Rescue,Dogs (PBGV),,,,MD,,,"www.pbgv.org; eapbgv@gmail.com","Breed rescue for the Petit Basset Griffon Vendéen (French hound) managed by the PBGV Club of America; assists with rehoming PBGVs nationwide, including any in Maryland, via foster homes:contentReference[oaicite:153]{index=153}."
Pits and Rotts For Life Rescue, Inc.,Dogs (Pit Bulls & Rottweilers),,,,MD,,,"www.pitsandrottsforlife.com; (443) 253-6586","Maryland-based rescue focusing on Pit Bull and Rottweiler breeds, working to save these often misunderstood dogs from shelters and place them in responsible, loving homes:contentReference[oaicite:154]{index=154}."
Jasmine’s House, Inc.,Dogs (Pit Bull),,,,MD,,,"facebook.com/JHRescue; info@jasmineshouse.org","Pit bull rescue and advocacy group in Maryland that provides foster homes, training, and adoption for pit bull type dogs, while also educating the community to reduce breed stigma:contentReference[oaicite:155]{index=155}."
Mid-Atlantic Bully Buddies,Dogs (Pit Bull),,,,MD,,,"www.midatlanticbullybuddies.org; mabbteam@gmail.com","Nonprofit rescue based in Maryland dedicated to pit bull-type dogs; saves Bully breed dogs from local shelters and places them in fosters and then homes, promoting positive images of pit bulls:contentReference[oaicite:156]{index=156}."
Pointer Rescue, Org. (PRO),Dogs (Pointers),,,,MD,,,"www.pointerrescue.org; pro_board@att.net","Volunteer-run rescue for Pointer breeds (English Pointers primarily), operating nationally with volunteers in MD; helps find adoptive homes for Pointers coming from shelters or field trial kennels:contentReference[oaicite:157]{index=157}."
Mid-Atlantic Poodle Rescue (MAPR),Dogs (Poodle),,,,MD,,,"www.midatlanticpoodlerescue.org; cindy@midatlanticpoodlerescue.org","Rescue group for Poodles (standard, mini, and toy) in the Mid-Atlantic; comprised of volunteers who foster poodles from area shelters or owner surrenders and adopt them out to new families:contentReference[oaicite:158]{index=158}."
Poodle Club of America Rescue Foundation,Dogs (Poodle),,,,MD,,,"lindasdogdesign.com; (301) 570-4300","Network of volunteers connected to the Poodle Club of America that facilitate the rescue of Poodles in need throughout the U.S., including in Maryland, ensuring each poodle is vetted and placed in a suitable home:contentReference[oaicite:159]{index=159}."
Mid-Atlantic Pug Rescue (MAPR),Dogs (Pug),,,,MD,,,"www.midatlanticpugrescue.org; maprapplications@gmail.com","Multi-state rescue devoted to Pugs, with Maryland foster homes; rescues pugs from shelters or puppy mills and provides them medical care and foster homes until adoption:contentReference[oaicite:160]{index=160}."
Ratbone Rescues,Dogs (Rat Terrier),,,,MD,,,"www.ratbonerescues.com; ratbonerescues@ratbonerescues.com","National Rat Terrier rescue network with foster homes in Maryland; dedicated to saving Rat Terriers and mixes, especially from high-kill shelters, and matching them with loving adoptive homes:contentReference[oaicite:161]{index=161}."
American Rhodesian Ridgeback Rescue, Inc.,Dogs (Rhodesian Ridgeback),,,,MD,,,"www.ridgebackrescue.org; maryland@ridgebackrescue.org","Volunteer rescue organization for Rhodesian Ridgebacks with state chapters including Maryland; rescues Ridgebacks in need, whether from shelters or owners, and carefully rehomes them:contentReference[oaicite:162]{index=162}."
Majesty Rottweiler Rescue,Dogs (Rottweiler),Darlington,Harford County,MD,Central MD,"roxiesfund.org (foster); terry4553@verizon.net","Small Rottweiler rescue effort in Maryland (Darlington) that takes in Rottweilers needing homes (works with Roxie’s Fund) and finds them suitable adopters experienced with large breeds:contentReference[oaicite:163]{index=163}."
Saint Bernard Rescue Foundation (National),Dogs (Saint Bernard),,,,MD,,,"www.saintrescue.org; paul@ispcfuels.com","National Saint Bernard rescue network with coordinators in MD; helps rehabilitate and rehome Saint Bernards that are abandoned or in shelters, ensuring they go to homes capable of handling a giant breed:contentReference[oaicite:164]{index=164}."
Samoyed Rescue (SAMDES Foundation),Dogs (Samoyed),,,,MD,,,"www.samrescue.com; eisbearsamoyeds@juno.com","Rescue group focused on Samoyeds (Arctic spitz breed) in the Mid-Atlantic; takes Samoyeds from shelters or owner surrenders and provides foster care and vetting until they can be placed with new loving families:contentReference[oaicite:165]{index=165}."
National Schipperke Rescue,Dogs (Schipperke),,,,MD,,,"www.schipperkerescue.net; schipfreak@schipperkerescue.net","Rescue network for Schipperkes (small black spitz breed) across the US; volunteers in MD help rehome any Schipperkes that come into rescue, providing foster care and screening adopters:contentReference[oaicite:166]{index=166}."
Homeward Bound Schnauzer Rescue,Dogs (Schnauzer),,,,MD,,,"www.HBSchnauzerRescue.com; hbschnauzerrescue@gmail.com","Rescue group in Maryland that saves Schnauzers (primarily Miniature Schnauzers) from shelters or puppy mills and places them into foster homes, ultimately finding them adoptive families:contentReference[oaicite:167]{index=167}."
Schnauzer Rescue of the Mid-Atlantic,Dogs (Schnauzer),,,,MD/DC,,,"www.schnauzerrescue.net; info@schnauzerrescue.net","All-volunteer rescue for Schnauzers (Giant, Standard, and Mini) serving MD/DC/VA; provides medical care and foster placement for surrendered or rescued Schnauzers and matches them with new owners:contentReference[oaicite:168]{index=168}."
Scottish Deerhound Club of America Rescue,Dogs (Scottish Deerhound),,,,MD,,,"www.deerhound.org; (703) 754-8387","Breed rescue program via the national Scottish Deerhound Club, with contacts in MD; assists in rehoming Scottish Deerhounds in need of rescue, given the breed’s specialized care requirements:contentReference[oaicite:169]{index=169}."
Scottish Terrier Rescue (Mid-Atlantic),Dogs (Scottish Terrier),,,,MD,,,"www.masterpup.org; (301) 807-3248","Scottie rescue covering the Maryland area; helps find homes for Scottish Terriers that have been given up or found as strays, often operating through a network of breed enthusiasts:contentReference[oaicite:170]{index=170}."
Northern Chesapeake Sheltie Rescue (NCSR),Dogs (Shetland Sheepdog),,,,MD,,,"www.ncsr-md.org; ncsr@comcast.net","Rescue group based in Maryland for Shetland Sheepdogs (Shelties); takes in Shelties from area shelters or owners, provides necessary care, and adopts them out to carefully vetted homes:contentReference[oaicite:171]{index=171}."
Mid-Atlantic Chinese Shar-Pei Rescue (MACSPRO),Dogs (Shar-Pei),,,,MD/DC,,,"www.macspro.org; peirescue@macspro.org","Rescue organization focusing on Chinese Shar-Pei dogs in the Mid-Atlantic, including MD; rescues Shar-Pei (known for their wrinkles and sometimes special health needs) and finds them homes while educating owners:contentReference[oaicite:172]{index=172}."
Shih Tzu Sanctuary, Inc.,Dogs (Shih Tzu),Stevensville,Queen Anne's County,MD,Eastern Shore,"(410) 643-0018","Rescue sanctuary located on Maryland’s Eastern Shore for Shih Tzu and similar small breeds, particularly those that are seniors or have health issues; provides lifelong care or adopts them to specialized homes:contentReference[oaicite:173]{index=173}."
Shih Tzu Fanciers of Greater Baltimore Rescue,Dogs (Shih Tzu),,,,MD,,,"Adopt-a-Pet (Shih Tzu Fanciers)","Rescue program of a Baltimore-area Shih Tzu club, which helps rehome Shih Tzu dogs in Maryland; volunteers foster the dogs and arrange adoptions for Shih Tzus coming from shelters or in need:contentReference[oaicite:174]{index=174}."
Tails of the Tundra Siberian Husky Rescue,Dogs (Siberian Husky),,,,MD/PA,,,"www.siberescue.com; tottshr@siberescue.com","Nonprofit rescue covering the Mid-Atlantic (PA/MD/NJ) for Siberian Huskies; focuses on rescuing Huskies from shelters or neglect situations and placing them with experienced Husky owners:contentReference[oaicite:175]{index=175}."
Tibetan Terrier Rescue,Dogs (Tibetan Terrier),,,,MD,,,"www.ttca-online.org; (410) 247-0455","Rescue committee of the Tibetan Terrier Club of America with volunteers in Maryland; helps any Tibetan Terriers in need of rehoming, ensuring these affectionate dogs find suitable families:contentReference[oaicite:176]{index=176}."
Vizsla Club of America Rescue (VCArescue),Dogs (Vizsla),,,,MD,,,"www.vcaweb.org; vcarescue@gmail.com","National Vizsla rescue program with regional reps in Maryland; rescues Vizslas (energetic Hungarian pointers) and places them via foster homes and club networks to approved adopters:contentReference[oaicite:177]{index=177}."
Chesapeake Area Weimaraner Rescue (DC Weim Club),Dogs (Weimaraner),,,,MD/DC,,,"www.shopdcweim.com/adopt; rescue@dcweimclub.org","Rescue program associated with the DC Area Weimaraner Club, helping Weimaraners in MD/DC/VA; rehomes these active hunting dogs through foster care and adoption, ensuring they have appropriate homes:contentReference[oaicite:178]{index=178}."
Maryland Westie Rescue,Dogs (West Highland White Terrier),,,,MD,,,"www.marylandwestierescue.com; info@marylandwestierescue.com","Rescue effort for Westies (West Highland White Terriers) in Maryland; a network of volunteers who rehabilitate and rehome Westies from area shelters or surrender, addressing their medical and grooming needs:contentReference[oaicite:179]{index=179}."
Whippet Rescue and Placement (WRAP),Dogs (Whippet),,,,MD,,,"www.whippet-rescue.org; susiebutlerdodd@yahoo.com","National Whippet rescue organization with volunteers in Maryland; helps Whippets in need by providing foster care and adoption services, particularly ex-racing or stray Whippets:contentReference[oaicite:180]{index=180}."
Whippoorwill Horse Farm Whippet Rescue,Dogs (Whippet),Laurel,Prince George's County,MD,Central MD,"(301) 490-6598; whippoorwill01@verizon.net","A private Whippet rescue effort in Maryland (Whippoorwill Farm) that rehabilitates and rehomes Whippets and similar sighthounds, ensuring each dog is matched with a suitable loving home:contentReference[oaicite:181]{index=181}."
Yorkie Rescue Me (Yorkshire Terrier Rescue),Dogs (Yorkshire Terrier),,,,MD,,,"www.yorkierescueme.com; rescuemeyorkierescue@gmail.com","Yorkie rescue group based in Maryland, saving Yorkshire Terriers and Yorkie mixes from shelters or neglect; provides medical care (including dentals) and foster homes until these small dogs are adopted:contentReference[oaicite:182]{index=182}."
Home is Where the Heart Is (Bird Rescue),Birds (Parrots),,,,MD,,,"Facebook: @Home-Is-Where-The-Heart-Is-Bird-Rescue; hiwthirescue@yahoo.com","Small parrot rescue and sanctuary in Maryland that takes in unwanted or abused parrots and pet birds, provides rehabilitation, and finds them new loving homes or sanctuary care:contentReference[oaicite:183]{index=183}."
Phoenix Landing Foundation,Birds (Parrots),,,,MD/DC,,,"www.phoenixlanding.org; contact@phoenixlanding.org","Nonprofit parrot rescue and education foundation serving the Mid-Atlantic (MD/VA/DC/NC), which rehabilitates and rehomes parrots of all species and educates owners on proper parrot care:contentReference[oaicite:184]{index=184}."
Ruffled Feathers Parrot Rescue,Birds (Parrots),,,,MD,,,"www.ruffledfeathers.org; (443) 974-5474","Parrot rescue in Maryland that provides refuge for surrendered parrots, from budgies to macaws, with an emphasis on proper care; rehabilitates and adopts out birds to qualified homes:contentReference[oaicite:185]{index=185}."
Wilson Parrot Foundation,Birds (Parrots),Damascus,Montgomery County,MD,Central MD,"Facebook: @WPFinDamascus; (301) 526-3655","Parrot rescue, sanctuary, and educational foundation in Damascus, MD; rescues parrots and exotic birds, gives them lifelong care or adoption opportunities, and does outreach programs with its birds:contentReference[oaicite:186]{index=186}."
Days End Farm Horse Rescue,Horses,"Lisbon/Woodbine",Howard County,MD,Central MD,"www.defhr.org; info@defhr.org; (301) 854-5037","Accredited nonprofit equine rescue in Woodbine, MD that rehabilitates neglected and abused horses (often seized via animal control) and adopts them out to approved homes:contentReference[oaicite:187]{index=187}."
The Foxie G Foundation,Horses & Cats,"Union Bridge / Frederick",Frederick County,MD,Central MD,"www.thefoxiegfoundation.org; (301) 667-2553","Nonprofit sanctuary and rescue for retired racehorses and cats (including barn cats), based in Maryland; provides rehabilitation for Thoroughbred horses and secures new homes or sanctuary care for them:contentReference[oaicite:188]{index=188}."
Lost and Found Horse Rescue,Horses,Germantown,Montgomery County,MD,Central MD,"www.lostandfoundmd.org; (301) 428-8128","Rescue in Maryland that works with equines (horses, donkeys, mules) that are stray, seized, or in need of rehoming; rehabilitates them and places them in new homes or sanctuary as appropriate:contentReference[oaicite:189]{index=189}."
Maryland Horse Rescue,Horses,Westminster,Carroll County,MD,Central MD,"www.mdhorserescue.net; (301) 992-0284","All-volunteer, certified nonprofit that rescues horses from slaughter, abuse, or neglect situations in Maryland; provides veterinary care and training then adopts them out to safe, loving homes:contentReference[oaicite:190]{index=190}."
Poplar Spring Animal Sanctuary,Farm Animals,Poolesville,Montgomery County,MD,Central MD,"www.animalsanctuary.org; (301) 428-8128","400-acre farm animal sanctuary in Poolesville, MD offering a lifetime home to abused or abandoned farm animals (such as cows, pigs, goats, chickens) and advocating vegan living:contentReference[oaicite:191]{index=191}."
Star Gazing Farm Animal Sanctuary,Farm Animals,Boyds,Montgomery County,MD,Central MD,"www.stargazingfarm.org; (301) 674-5716","Small farm animal sanctuary in Boyds, MD that provides shelter for neglected, abandoned, or unwanted farm animals and offers educational programs on humane farming and animal care:contentReference[oaicite:192]{index=192}."
Baltimore Ferret Club & Shelter,Ferrets,"Baltimore/Middle River",Baltimore County,MD,Central MD,"Facebook: @BaltimoreFerretClub; (410) 676-4748","Club and shelter serving the Baltimore area, rescuing ferrets in need of homes; provides medical care and socialization for surrendered ferrets and adopts them out to educated new owners:contentReference[oaicite:193]{index=193}."
Rocky’s Ferret Rescue & Shelter,Ferrets,"Winchester, VA (serves MD)",,VA/MD,,"www.rockysferrets.com; (717) 746-4666","Ferret shelter originally in PA (now in VA) that also takes ferrets from Maryland; cares for surrendered ferrets and finds them new homes, and serves as a ferret education resource for the region:contentReference[oaicite:194]{index=194}."
Friends of Rabbits,Rabbits,Columbia,Howard County,MD,Central MD,"www.friendsofrabbits.org; info@friendsofrabbits.org","Largest rabbit rescue in the DC/Maryland area; takes in abandoned domestic rabbits, gets them spayed/neutered and litter-trained, then adopts them out (also runs a sanctuary for hard-to-place rabbits):contentReference[oaicite:195]{index=195}."
House Rabbit Society - MD/DC Chapter (Rabbits In the House),Rabbits,Baltimore,Baltimore City,MD,Central MD,"www.rabbitsinthehouse.org; rabbitinfo@rabbitsinthehouse.org","Maryland/DC chapter of House Rabbit Society, educating on pet rabbit care; they assist with rehoming domestic rabbits via foster networks and run a hotline for rabbit issues:contentReference[oaicite:196]{index=196}."
Eastern Shore Rabbit Rescue & Education Center,Rabbits,Rock Hall,Kent County,MD,Eastern Shore,"www.esrrec.org; info@esrrec.org","Nonprofit rabbit rescue located on Maryland’s Eastern Shore (Rock Hall) that saves domestic rabbits in the region; provides indoor housing, proper vet care, and adoption services, as well as community education:contentReference[oaicite:197]{index=197}."
Mid-Atlantic Turtle & Tortoise Society (MATTS),Reptiles (Turtles/Tortoises),Highland,Howard County,MD,Central MD,"www.matts-turtles.org; matts@matts-turtles.org","Rescue and rehabilitation organization focusing on turtles and tortoises in the Mid-Atlantic, based in Maryland; takes in unwanted pet turtles, injured wild turtles, and surrenders, and works to find them proper placements or release when possible:contentReference[oaicite:198]{index=198}."
Metropolitan Guinea Pig Rescue (MGPR),Small Animals (Guinea Pigs),"Centreville, VA / DC-MD region",,VA/MD,,"www.mgpr.org; info@mgpr.org","Rescue group serving the DC/Maryland/Virginia area that specializes in rescuing guinea pigs; operates a network of foster homes caring for abandoned guinea pigs and adopts them out to new families after educating them:contentReference[oaicite:199]{index=199}."
Small Angels Rescue, Inc.,Small Animals (Guinea Pigs, Rats, etc),Frederick,Frederick County,MD,Central MD,"www.smallangelsrescue.org; info@smallangelsrescue.org","Volunteer-run rescue in Maryland dedicated to small pocket pets (guinea pigs, hamsters, rats, mice, gerbils, rabbits), saving them from shelters or bad situations and finding them qualified adoptive homes:contentReference[oaicite:200]{index=200}."
All Creatures Great & Small Wildlife Center,Wildlife (Rehabilitation),Columbia,Howard County,MD,Central MD,"www.allcreaturesgreatandsmallwildlifecenter.org; (410) 740-5096","Wildlife rehabilitation center in Howard County, MD (licensed) that cares for orphaned or injured wild animals (such as squirrels, rabbits, birds) and releases them back to the wild when possible:contentReference[oaicite:201]{index=201}."
Frisky’s Wildlife and Primate Sanctuary, Inc.,Wildlife (Rehabilitation),Woodstock,Howard County,MD,Central MD,"www.friskys.org; (410) 418-8899","Licensed wildlife rescue and primate sanctuary in Howard County, MD; rehabilitates native wildlife (raccoons, deer, birds, etc.) for release and provides permanent sanctuary for non-releasable primates and exotic pets:contentReference[oaicite:202]{index=202}."
Phoenix Wildlife Center, Inc.,Wildlife (Rehabilitation),Phoenix,Baltimore County,MD,Central MD,"www.phoenixwildlife.org; (410) 628-9736","Non-profit wildlife rehabilitation facility in Baltimore County that treats injured and orphaned Maryland wildlife (songbirds, small mammals, raptors, reptiles) and works to return them to their natural habitats:contentReference[oaicite:203]{index=203}."
Second Chance Wildlife Center,Wildlife (Rehabilitation),Gaithersburg,Montgomery County,MD,Central MD,"www.scwc.org; info@scwc.org","Wildlife rehabilitation center in Montgomery County, MD that provides medical care to injured/orphaned wild animals (birds, mammals, reptiles) with the goal of releasing them; also educates the public on coexisting with wildlife:contentReference[oaicite:204]{index=204}."
Wildlife Rescue, Inc.,Wildlife (Rehabilitation),Monkton,Baltimore County,MD,Central MD,"www.wildliferescueinc.org; (410) 357-5179","Volunteer-run wildlife rescue in Maryland that cares for orphaned or injured wildlife (particularly small mammals and birds) and gives them a second chance to be returned to the wild; also operates a small farm animal sanctuary:contentReference[oaicite:205]{index=205}."